material_id,NAME,polygon_count,OPACITY,PENETRATION,RICOCHET,IMPACT_RADIUS_MOD,ELASTICITY_COEFF,STEALTH_FACTOR,FOOT_STEP_OFFSET,STEPSOUND,STEALTH_STEPSOUND,CRAWLSOUND,LANDSOUND,VOLUMETRIC,LIQUID,UNDERWATER,PICKUP
2,GRASS,5941,1,0,0,0.699999988079071,0.20000000298023224,0.699999988079071,-0.800000011920929,SND_STEP_LEAVES,SND_STEP_LEAVES_STEALTH,SND_CRAWLING_ON_GRASS,SND_STEP_LEAVES_JUMP,,,,
3,SAND,1597,1,0,0,0.5,0.10000000149011612,0.4000000059604645,,SND_STEP_SAND,SND_STEP_SAND_STEALTH,SND_CRAWLING_ON_SAND,SND_STEP_SAND_JUMP,,,,
4,MUD,51,1,0,0,0.5,0.10000000149011612,0.30000001192092896,,SND_STEP_MUD,SND_STEP_MUD_STEALTH,SND_CRAWLING_ON_SAND,SND_STEP_MUD_JUMP,,,,
5,STONE,36,1,0,0.800000011920929,1.0,0.5,0.5,,SND_STEP_STONE,SND_STEP_STONE_STEALTH,SND_CRAWLING_ON_STONE,SND_STEP_STONE_JUMP,,,,
7,GLASS,46,0,0.9900000095367432,0,1.0,0.800000011920929,0.4000000059604645,,,,,,,,,
9,WATER,64,0.6000000238418579,0.6000000238418579,0,0.30000001192092896,0.25,0.0,,SND_STEP_WATER,SND_STEP_WATER_STEALTH,SND_STEP_WATER_STEALTH,SND_STEP_WATER_JUMP,,True,,
10,UNDERWATER,31,1,0,0,1.0,0.30000001192092896,0.30000001192092896,,SND_STEP_WATER,SND_STEP_WATER_STEALTH,SND_STEP_WATER_STEALTH,SND_STEP_WATER_JUMP,,,True,
11,PERSON,65,1,0.9800000190734863,0,0.0,0.30000001192092896,,,,,,,,,,
16,ASPHALT,63,1,0,0.6499999761581421,1.0,0.44999998807907104,0.5,,SND_STEP_STONE,SND_STEP_STONE_STEALTH,SND_CRAWLING_ON_STONE,SND_STEP_STONE_JUMP,,,,
