Key,Name,Description,ID,TYPE,SingleMode,BurstMode,AutoMode,AmmoCapacity,NumMags,LegAmmoLen,LegAmmo0,SoundRadius,ImpactRadius,MaxRange,EffectiveRange,MuzzleVelocity,FireWait,NumZoomModes,ZoomMode0,ZoomMode1,ZoomMode2,ModelName,IconTextureName,FireAnimName,HitAnimName,AssociatedGearName,ReloadSound,ReloadTime,ReloadAfterShot
WEP0,Model 18,MODEL 18,1,2,1,,1,17,3,1,9x19P,70.0,25.0,95.0,45.0,340.0,0.06,1,1.5,,,glock18,glock18_icon.tif,muzzle_glock,bullet_hit,NONE,SND_MODEL_18_GLOCK_RELOAD,0.0,
WEP1,Mark 23,MARK 23,2,2,1,,,12,3,1,45 ACP,70.0,5.0,125.0,50.0,270.0,0.2,1,1.5,,,a_mark23,mark23_icon.tif,muzzle_mark23,bullet_hit,NONE,SND_MARK_23_RELOAD,0.0,
WEP2,F57,F57,4,2,1,,,20,3,1,5.7 x 28mm,70.0,25.0,125.0,50.0,650.0,0.2,1,1.5,,,fiveseven,fiveSeven_icon.tif,muzzle_fiveseven,bullet_hit,NONE,SND_FN_FIVE_SEVEN_RELOAD,0.0,
WEP3,DE .50,DE .50,7,2,1,,,7,3,1,50 AE,100.0,40.0,175.0,60.0,436.0,0.3,1,1.5,,,desert_eagle,desert_eagle_icon.tif,muzzle_deserteagle,bullet_hit,NONE,SND_DESERT_EAGLE_50_AE_RELOAD,0.0,
WEP4,M9,M9,5,2,1,,,13,3,1,9x19P,60.0,25.0,95.0,45.0,390.0,0.18,1,1.5,,,baretta_m9,gun_baretta_9mm_icon.tif,muzzle_Beretta_M9,bullet_hit,NONE,SND_M9_HANDGUN_RELOAD,0.0,
WEP5,226,226,6,2,1,,,15,4,1,9x19P,60.0,25.0,95.0,45.0,340.0,0.18,1,1.5,,,sig226,p226_icon.tif,muzzle_p226,bullet_hit,NONE,SND_SIG_226_RELOAD,0.0,
WEP6,Mark 23SD,MARK 23SD,3,2,1,,,12,3,1,45 ACP,70.0,1.0,110.0,45.0,270.0,0.2,1,1.5,,,a_mark23sd,mark23sd_icon.tif,muzzle_mark23_sd,bullet_hit,NONE,SND_MARK_23_SILENCER_RELOAD,0.0,
WEP7,9mm Pistol,9MM PISTOL,8,2,1,,,9,5,1,9x19P SD,1.5,20.0,85.0,40.0,351.0,0.18,1,1.5,,,hkp9s,hkp9s_icon.tif,muzzle_H&K_P9S,bullet_hit,NONE,SND_H_K_P9S_SILENCER_RELOAD,0.0,
WEP8,Designator,DESIGNATOR,11,2,1,,,10,1,0,,0.0,40.0,1200.0,600.0,0.0,0.1,1,1.5,,,laser_designator,laser_designator_icon.tif,NOT FOUND,NOT FOUND,NONE,SND_M4_A1_RELOAD,0.0,
WEP9,MK 3-A2,MK 3-A2,83,1,1,1,1,12,3,1,9x19P,65.0,7.0,300.0,10.0,393.0,0.1,1,1.5,,,jackhammer,jackhammer_icon.tif,muzzle_shotgun2,bullet_hit,NONE,SND_M4_A1_RELOAD,0.0,
WEP10,870,870,84,1,1,,,12,3,1,12 Gauge,120.0,25.0,350.0,400.0,393.0,0.5,1,1.5,,,remington870,remington870_icon.tif,muzzle_shotgun,bullet_hit,NONE,SND_M4_A1_RELOAD,0.0,
WEP11,M16A2,M16A2,51,1,1,1,,30,3,1,5.56 x 45mm,60.0,25.0,1200.0,600.0,948.0,0.1,1,1.5,,,m16a2,m16_icon.tif,muzzle_M16A2,bullet_hit,NONE,SND_M16A2_RELOAD,0.0,
WEP12,M16A2-M203,M16A2-M203,52,1,1,1,,30,3,1,5.56 x 45mm,60.0,25.0,1200.0,600.0,991.0,0.1,1,1.5,,,m16_M203,m16a203_icon.tif,muzzle_M16A2,bullet_hit,NONE,SND_M16A2_RELOAD,0.0,
WEP13,M4A1,M4A1,54,1,1,1,1,30,3,1,5.56 x 45mm,200.0,30.0,1000.0,600.0,921.0,0.14,2,1.5,2.5,,m4Acarbine,m4carbine_icon.tif,muzzle_m4,bullet_hit,NONE,SND_M4_A1_RELOAD,0.0,
WEP14,M4A1 SD,M4A1 SD,62,1,1,1,1,30,3,1,5.56 x 45mm NATO SD,2.5,25.0,800.0,550.0,900.0,0.16,2,1.5,3.0,,m4Acarbine_sd,m4carbine_icon.tif,muzzle_m4SD,bullet_hit,NONE,SND_M4_A1_RELOAD,0.0,
WEP15,M4A1-M203,M4A1-M203,61,1,1,1,1,30,3,1,5.56 x 45mm,65.0,25.0,1000.0,600.0,921.0,0.14,1,1.5,,,m4Acarbine_203,m4carbine203_icon.tif,muzzle_m4,bullet_hit,NONE,SND_M4_A1_RELOAD,0.0,
WEP16,552,552,57,1,1,1,1,30,3,1,5.56 x 45mm,65.0,25.0,1000.0,600.0,725.0,0.15,2,1.5,3.0,,sig_commando,sigcommando_icon.tif,muzzle_sigcom,bullet_hit,NONE,SND_SIG_552_COMMANDO_RELOAD,0.0,
WEP17,AK-47,AK-47,58,1,1,1,1,30,3,1,7.62 x 39mm M1943,500.0,25.0,1000.0,600.0,710.0,0.16,1,1.5,,,ak47,ak_47_icon.tif,muzzle_ak47,bullet_hit,NONE,SND_AK47_RELOAD,0.0,
WEP18,AKS-74,AKS-74,59,1,1,1,1,30,3,1,5.45 x 39mm Soviet,500.0,25.0,1000.0,600.0,900.0,0.13,1,1.5,,,aks74,aks74_icon.tif,muzzle_aks74,bullet_hit,NONE,SND_AKS_74_RELOAD,0.0,
WEP19,M14,M14,60,1,1,,1,20,3,1,7.62 x 51mm,500.0,25.0,1200.0,600.0,858.0,0.12,1,1.5,,,m14_gun,m14_icon.tif,muzzle_M14,bullet_hit,NONE,SND_M14_RELOAD,0.0,
WEP20,M60E3,M60E3,91,1,,,1,100,2,1,7.62 x 51mm,400.0,40.0,800.0,400.0,853.0,0.14,1,1.5,,,m60e,m60e.tif,muzzle_rifle_m60,bullet_hit,NONE,SND_M60_E3_RELOAD,0.0,
WEP21,M63A,M63A,92,1,,,1,75,2,1,5.56 x 45mm,500.0,25.0,800.0,400.0,990.0,0.12,1,1.5,,,stoner_m63a,stoner_icon.tif,muzzle_rifle_stoner,bullet_hit,NONE,SND_M63A_STONER_RELOAD,0.0,
WEP22,Mark 46 Mod 0,placeholder,93,1,1,1,1,75,3,1,5.56 x 45mm,100.0,25.0,3200.0,1200.0,990.0,0.1,1,1.5,,,stoner_m63a,stoner_icon.tif,muzzle_rifle_stoner,bullet_hit,NONE,SND_MARK_43_RELOAD,0.0,
WEP23,HK5,HK5,31,1,1,1,1,30,4,1,9x19P,70.0,20.0,300.0,150.0,375.0,0.1,1,1.5,,,mp5,mp5_icon.tif,muzzle_mp5,bullet_hit,NONE,SND_MP5_RELOAD,0.0,
WEP24,HK5SD,HK5SD,33,1,1,1,1,30,3,1,9x19P SD,2.0,15.0,250.0,110.0,285.0,0.12,1,1.5,,,mp5sd,mp5sd_icon.tif,muzzle_mp5sd,bullet_hit,NONE,SND_MP5_SIL_RELOAD,0.0,
WEP25,F90,F90,34,1,1,1,1,50,3,1,5.7 x 28mm,70.0,30.0,300.0,150.0,375.0,0.09,1,1.5,,,fnp90,fnp90_icon.tif,muzzle_mp5,bullet_hit,NONE,SND_MP5_RELOAD,0.0,
WEP26,9mm Sub,9MM SUB,37,1,1,1,1,30,3,1,9x19P,70.0,25.0,150.0,100.0,375.0,0.075,1,1.5,,,uzi,uzi_icon.tif,muzzle_uzi,bullet_hit,NONE,SND_UZI_RELOAD,0.0,
WEP27,M82A1A,M82A1A,101,1,1,,,10,3,1,.50 Cal,700.0,40.0,2400.0,1800.0,843.0,2.1,3,1.5,8.0,16.0,barretm82A1,barrettm82a.tif,muzzle_Barret-M82a1,bullet_hit,NONE,SND_BARRETT_LIGHT_50_RELOAD,0.0,
WEP28,M40A1,M40A1,102,1,1,,,25,1,1,7.62 x 51mm,600.0,40.0,2000.0,1500.0,777.0,0.5,3,1.5,6.0,12.0,remington700,model700_icon.tif,muzzle_rifle_model_700,bullet_hit,NONE,SND_MODEL_700_REMINGTON_RELOAD,0.0,1
WEP29,M87ELR,M87ELR,103,1,1,,,10,3,1,.50 Cal,600.0,25.0,2400.0,1800.0,853.0,0.7,3,1.5,8.0,16.0,mcmillanM87,mcmillanM87_icon.tif,muzzle_McMillan,bullet_hit,NONE,SND_MODEL_700_REMINGTON_RELOAD,0.0,1
WEP30,SR-25 SD,SR-25 SD,105,1,1,,,20,3,1,7.62 x 51mm,4.0,20.0,1500.0,1100.0,853.0,0.15,2,1.5,8.0,,stoner_sr25,stoner_sr25_icon.tif,muzzle_stoner_SR25SD,bullet_hit,NONE,SND_SR25_SILENCED_RELOAD,0.0,
WEP31,SR-25,SR-25,106,1,1,,,20,3,1,7.62 x 51mm,500.0,15.0,1700.0,1200.0,853.0,0.15,2,1.5,8.0,,stoner_sr25,stoner_sr25_icon.tif,muzzle_stoner_SR25,bullet_hit,NONE,SND_SR25_RELOAD,0.0,
WEP32,Knife,KNIFE,186,0,1,,,0,0,0,,1.0,40.0,0.0,0.0,0.0,0.1,1,1.5,,,placeholder,knife_icon.tif,NOT FOUND,bullet_hit,seal_scuba_knife,SND_M4_A1_RELOAD,0.0,
WEP33,Flashlight,FLASHLIGHT,181,0,1,,,0,0,0,,0.0,40.0,0.0,0.0,0.0,0.1,1,1.5,,,placeholder,flashlight.tif,NOT FOUND,NOT FOUND,NONE,SND_M4_A1_RELOAD,0.0,
WEP34,Detonator,DETONATOR,187,0,1,,,0,0,0,,0.0,40.0,0.0,0.0,0.0,0.1,1,1.5,,,detonator,detonator_icon.tif,NOT FOUND,NOT FOUND,NONE,SND_M4_A1_RELOAD,0.0,
WEP35,Binoculars,BINOCULARS,182,0,1,,,0,0,0,,0.0,40.0,0.0,0.0,0.0,0.1,2,1.5,12.0,,placeholder,binoculars01.tif,NOT FOUND,NOT FOUND,NONE,SND_M4_A1_RELOAD,0.0,
WEP36,Restraints,RESTRAINTS,183,0,1,,,0,0,0,,0.0,40.0,0.0,0.0,0.0,0.1,1,1.5,,,placeholder,restraints_icon.tif,NOT FOUND,NOT FOUND,NONE,SND_M4_A1_RELOAD,0.0,
WEP37,M67,FRAG,121,3,1,,,6,1,1,M67 Ammo,700.0,45.0,10000.0,40.0,0.1,0.1,1,1.5,,,grenade,grenade_frag_icon.tif,frag_start,grenade_hit,NONE,SND_M4_A1_RELOAD,0.0,
WEP38,HE,HE GRENADE,126,3,1,,,6,1,1,HE Grenade Ammo,650.0,40.0,10000.0,40.0,0.1,0.1,1,1.5,,,HEgrenade,grenade_he_icon.tif,HE_start,grenade_hit,NONE,SND_M4_A1_RELOAD,0.0,
WEP39,AN-M8,SMOKE,122,3,1,,,3,1,1,AN-M8 Ammo,3.0,40.0,10000.0,30.0,0.1,0.1,1,1.5,,,a_smoke_grenade,grenade_smoke_icon.tif,smoke_grenade_start,grenade_hit,NONE,SND_M4_A1_RELOAD,0.0,
WEP40,Mark141,FLASHBANG,123,3,1,,,6,1,1,Mark141 Ammo,10.0,40.0,10000.0,30.0,0.1,0.1,1,1.5,,,flashbang,grenade_flashbang_icon.tif,flashbang_start,grenade_hit,NONE,SND_M4_A1_RELOAD,0.0,
WEP41,Satchel,SATCHEL,152,3,1,1,1,1,1,1,Satchel Charge Ammo,700.0,40.0,0.0,0.0,0.0,0.1,1,1.5,,,Satchel,satchel_charge.tif,satchel_start,NOT FOUND,NONE,SND_M4_A1_RELOAD,0.0,
WEP42,Claymore,CLAYMORE,153,3,1,1,1,4,1,1,Claymore Ammo,800.0,40.0,0.0,0.0,0.0,0.1,1,1.5,,,claymore,claymore_icon.tif,NOT FOUND,NOT FOUND,NONE,SND_M4_A1_RELOAD,0.0,
WEP43,C4,C4,151,3,1,,,4,1,1,C4 Ammo,600.0,40.0,0.0,0.0,0.0,0.1,1,1.5,,,c4,c4.tif,c4_start,NOT FOUND,NONE,SND_M4_A1_RELOAD,0.0,
WEP44,MPBOMB,placeholder,154,3,1,,,1,1,1,MPBOMB Ammo,1.0,40.0,0.0,0.0,0.0,0.1,1,1.5,,,footbomb,satchel_charge.tif,NOT FOUND,NOT FOUND,NONE,SND_M4_A1_RELOAD,0.0,
WEP45,M203,placeholder,141,0,1,,,0,0,0,,3.0,40.0,1200.0,350.0,921.0,2.0,1,1.5,,,(null),(null),muzzle_m203,NOT FOUND,NONE,SND_M203_G_LAUNCHER_RELOAD,0.0,
WEP46,M203 HE,203 HE,171,0,1,,,6,1,1,M203 HE Ammo,200.0,40.0,10000.0,350.0,27.0,1.0,1,1.5,,,(null),firemode_203_he.tif,m203he_start,HE_grenade,NONE,SND_M203_G_LAUNCHER_RELOAD,0.0,1
WEP47,M203 FRAG,203 FRAG,175,0,1,,,6,1,1,M203 FRAG Ammo,200.0,40.0,10000.0,350.0,27.0,1.0,1,1.5,,,(null),firemode_203_frag.tif,m203he_start,frag_grenade,NONE,SND_M203_G_LAUNCHER_RELOAD,0.0,1
WEP48,M203 SMOKE,203 SMOKE,173,0,1,,,3,1,1,M203 SMOKE Ammo,3.0,15.0,10000.0,350.0,27.0,1.0,1,1.5,,,(null),firemode_203_smoke.tif,m203smoke_grenade_start,NOT FOUND,NONE,SND_M203_G_LAUNCHER_RELOAD,0.0,1
WEP49,MGL,MGL,142,1,,,,6,2,0,,3.0,40.0,1200.0,350.0,921.0,0.25,1,1.5,,,mglmk1,mglmk1_icon.tif,muzzle_m203,NOT FOUND,NONE,SND_M203_G_LAUNCHER_RELOAD ,0.0,
WEP50,M79,M79,143,1,,,,6,1,0,,3.0,40.0,1200.0,350.0,921.0,1.5,1,1.5,,,m79,m79_icon.tif,muzzle_m203,NOT FOUND,NONE,SND_M79_G_LAUNCHER_RELOAD,0.0,
WEP51,GL HE,M79 HE,176,0,1,,,6,1,1,GL HE Ammo,200.0,40.0,10000.0,350.0,40.0,0.1,1,1.5,,,(null),firemode_203_he.tif,m203he_start,HE_grenade,NONE,SND_M79_G_LAUNCHER_RELOAD,0.0,1
WEP52,GL FRAG,M79 FRAG,179,0,1,,,6,1,1,GL Frag Ammo,200.0,40.0,10000.0,350.0,40.0,0.1,1,1.5,,,(null),firemode_203_frag.tif,m203he_start,HE_grenade,NONE,SND_M79_G_LAUNCHER_RELOAD,0.0,1
WEP53,GL SMOKE,M79 SMOKE,178,0,1,,,3,1,1,GL Smoke Ammo,3.0,40.0,10000.0,350.0,40.0,0.1,1,1.5,,,(null),firemode_203_smoke.tif,m203smoke_grenade_start,NOT FOUND,NONE,SND_M79_G_LAUNCHER_RELOAD,0.0,1
WEP54,Kevlar Armor,placeholder,201,0,1,,,0,0,0,,0.0,40.0,0.0,0.0,0.0,0.1,1,1.5,,,(null),(null),NOT FOUND,NOT FOUND,NONE,SND_M4_A1_RELOAD,0.0,
WEP55,Kevlar Armor with inserts,placeholder,202,0,1,,,0,0,0,,0.0,40.0,10000.0,1000.0,40.0,0.1,1,1.5,,,(null),(null),NOT FOUND,NOT FOUND,NONE,SND_M4_A1_RELOAD,0.0,
WEP56,Double Ammo Load,2X AMMO,188,0,1,,,0,0,0,,0.0,40.0,10000.0,1000.0,40.0,0.1,1,1.5,,,(null),double_ammo_icon.tif,NOT FOUND,NOT FOUND,NONE,SND_M4_A1_RELOAD,0.0,
WEP57,air_to_ground_missile,placeholder,155,3,1,,,6,1,1,ag_missile,3.0,40.0,10000.0,40.0,0.0,0.1,1,1.5,,,grenade,(null),grenade_start,grenade_hit,NONE,SND_M4_A1_RELOAD,0.0,
WEP58,exploding_fuel,placeholder,156,3,1,,,6,1,1,explosive_stuff,3.0,40.0,10000.0,40.0,0.0,0.1,1,1.5,,,null,(null),NOT FOUND,NOT FOUND,NONE,SND_M4_A1_RELOAD,0.0,
WEP59,Satchel Explosion,SATCHEL,157,3,1,1,1,1,1,1,Satchel Charge Ammo,700.0,40.0,0.0,0.0,0.0,0.1,1,1.5,,,Satchel,satchel_charge.tif,NOT FOUND,NOT FOUND,NONE,SND_M4_A1_RELOAD,0.0,
